1005,9285,Gold,31-10-2016
104,588,Gold,31-12-2016
747,4915,Gold,31-01-2017
70,439,Gold,31-01-2017
577,3687,Gold,31-01-2017
377,2429,Gold,28-02-2017
721,4680,Silver,31-03-2017
437,2762,Gold,31-05-2017
188,1146,Gold,31-05-2017
13,87,Gold,31-05-2017
732,4763,Gold,30-06-2017
181,1066,Gold,31-07-2017
384,2475,Silver,31-08-2017
309,1946,Gold,31-08-2017
478,3084,Gold,30-09-2017
563,3589,Gold,30-09-2017
369,2363,Gold,31-10-2017
376,2428,Gold,31-10-2017
483,3115,Gold,31-10-2017
174,1039,Silver,30-11-2017
658,4251,Gold,30-11-2017
763,5138,Silver,30-11-2017
778,5275,Gold,31-12-2017
1039,9837,Gold,31-12-2017
477,3082,Silver,31-12-2017
168,1018,Gold,31-12-2017
314,1999,Silver,31-12-2017
468,3023,Gold,31-12-2017
208,1246,Diamond,31-01-2018
766,5200,Gold,31-01-2018
464,2984,Gold,31-01-2018
497,3184,Gold,28-02-2018
166,999,Gold,28-02-2018
15,114,Gold,28-02-2018
503,3225,Gold,28-02-2018
1038,9787,Silver,28-02-2018
737,4791,Gold,31-03-2018
418,2623,Gold,31-03-2018
759,5117,Silver,31-03-2018
223,1353,Gold,31-03-2018
5,51,Silver,31-03-2018
159,946,Gold,30-04-2018
1223,13231,Silver,30-04-2018
662,4293,Gold,30-04-2018
779,5323,Silver,30-04-2018
1040,9890,Silver,30-04-2018
545,3458,Gold,30-04-2018
467,3019,Gold,31-05-2018
1247,13660,Gold,31-05-2018
652,4211,Gold,31-05-2018
559,3573,Gold,31-05-2018
719,4663,Gold,31-05-2018
397,2513,Gold,31-05-2018
107,593,Gold,31-05-2018
661,4270,Gold,30-06-2018
484,3116,Gold,30-06-2018
501,3197,Gold,30-06-2018
422,2650,Silver,30-06-2018
705,4555,Gold,30-06-2018
410,2569,Gold,30-06-2018
136,778,Gold,30-06-2018
592,3782,Silver,31-07-2018
262,1647,Silver,31-07-2018
18,128,Gold,31-07-2018
3,41,Diamond,31-08-2018
98,537,Gold,31-08-2018
167,1011,Gold,31-08-2018
97,531,Silver,31-08-2018
699,4532,Gold,31-08-2018
342,2157,Gold,31-08-2018
713,4627,Gold,31-08-2018
118,652,Gold,30-09-2018
783,5433,Silver,30-09-2018
1103,11189,Gold,31-10-2018
504,3230,Silver,31-10-2018
261,1629,Diamond,31-10-2018
296,1876,Diamond,31-10-2018
113,629,Silver,31-10-2018
92,508,Gold,31-10-2018
1225,13268,Gold,31-10-2018
393,2498,Silver,30-11-2018
695,4507,Gold,30-11-2018
666,4328,Silver,30-11-2018
462,2978,Gold,30-11-2018
85,489,Gold,30-11-2018
337,2141,Gold,31-12-2018
771,5233,Gold,31-12-2018
379,2431,Gold,31-12-2018
106,592,Gold,31-12-2018
606,3883,Gold,31-12-2018
427,2688,Diamond,31-12-2018
202,1228,Gold,31-01-2019
814,5911,Gold,31-01-2019
1064,10328,Gold,31-01-2019
14,112,Gold,31-01-2019
423,2657,Gold,31-01-2019
989,9119,Gold,31-01-2019
364,2329,Gold,31-01-2019
267,1691,Silver,28-02-2019
621,3970,Silver,28-02-2019
1139,11836,Silver,28-02-2019
725,4715,Silver,28-02-2019
150,859,Gold,28-02-2019
302,1900,Gold,28-02-2019
372,2395,Gold,28-02-2019
499,3187,Gold,31-03-2019
229,1384,Gold,31-03-2019
289,1831,Silver,31-03-2019
1100,11101,Silver,31-03-2019
37,238,Gold,31-03-2019
286,1812,Diamond,31-03-2019
157,907,Gold,31-03-2019
216,1310,Silver,31-03-2019
977,8968,Gold,30-04-2019
183,1080,Gold,30-04-2019
945,8342,Silver,30-04-2019
44,268,Silver,30-04-2019
600,3829,Gold,30-04-2019
127,714,Gold,30-04-2019
764,5159,Gold,30-04-2019
204,1239,Silver,30-04-2019
1134,11742,Gold,30-04-2019
312,1971,Gold,31-05-2019
313,1980,Gold,31-05-2019
641,4116,Gold,31-05-2019
731,4751,Gold,31-05-2019
84,487,Gold,31-05-2019
265,1680,Gold,31-05-2019
1176,12502,Diamond,30-06-2019
1233,13382,Gold,30-06-2019
407,2555,Gold,30-06-2019
320,2045,Gold,30-06-2019
1187,12635,Diamond,30-06-2019
121,666,Silver,30-06-2019
1055,10171,Gold,30-06-2019
303,1912,Gold,31-07-2019
651,4201,Silver,31-07-2019
736,4789,Gold,31-07-2019
24,153,Silver,31-07-2019
587,3763,Silver,31-07-2019
119,655,Gold,31-07-2019
670,4343,Gold,31-07-2019
227,1380,Gold,31-07-2019
1164,12269,Gold,31-07-2019
1043,9974,Silver,31-07-2019
278,1779,Gold,31-07-2019
103,584,Silver,31-07-2019
673,4353,Silver,31-07-2019
38,242,Gold,31-07-2019
470,3036,Gold,31-08-2019
890,7422,Gold,31-08-2019
514,3267,Gold,31-08-2019
741,4832,Gold,31-08-2019
882,7195,Gold,31-08-2019
12,83,Silver,31-08-2019
152,876,Gold,31-08-2019
163,984,Gold,31-08-2019
708,4568,Silver,31-08-2019
1087,10887,Gold,30-09-2019
854,6753,Gold,30-09-2019
601,3830,Gold,30-09-2019
99,548,Diamond,30-09-2019
547,3477,Gold,30-09-2019
40,255,Gold,30-09-2019
220,1333,Gold,30-09-2019
390,2490,Gold,30-09-2019
776,5263,Gold,30-09-2019
197,1202,Silver,30-09-2019
516,3279,Gold,30-09-2019
381,2440,Gold,30-09-2019
1010,9413,Gold,30-09-2019
813,5873,Silver,30-09-2019
272,1754,Silver,30-09-2019
772,5243,Gold,30-09-2019
528,3356,Gold,30-09-2019
1014,9452,Gold,31-10-2019
87,493,Gold,31-10-2019
88,496,Gold,31-10-2019
441,2785,Gold,31-10-2019
562,3583,Gold,31-10-2019
690,4479,Gold,31-10-2019
374,2423,Gold,31-10-2019
57,347,Gold,31-10-2019
722,4684,Gold,31-10-2019
300,1890,Gold,31-10-2019
117,649,Silver,31-10-2019
541,3427,Silver,31-10-2019
294,1861,Gold,30-11-2019
10,77,Gold,30-11-2019
710,4588,Silver,30-11-2019
408,2560,Gold,30-11-2019
363,2324,Silver,30-11-2019
697,4518,Gold,30-11-2019
433,2724,Gold,30-11-2019
642,4137,Gold,30-11-2019
243,1478,Gold,30-11-2019
162,967,Silver,30-11-2019
594,3794,Silver,30-11-2019
609,3893,Gold,30-11-2019
1111,11288,Gold,30-11-2019
786,5478,Gold,30-11-2019
1118,11393,Gold,31-12-2019
175,1040,Gold,31-12-2019
565,3601,Diamond,31-12-2019
714,4638,Gold,31-12-2019
137,786,Silver,31-12-2019
22,138,Gold,31-12-2019
325,2102,Gold,31-12-2019
194,1182,Gold,31-12-2019
668,4340,Gold,31-12-2019
706,4559,Diamond,31-12-2019
850,6644,Gold,31-12-2019
298,1885,Gold,31-12-2019
105,590,Gold,31-12-2019
1036,9735,Gold,31-12-2019
292,1842,Diamond,31-12-2019
112,626,Silver,31-12-2019
678,4405,Diamond,31-12-2019
1093,11011,Gold,31-12-2019
681,4426,Gold,31-12-2019
582,3733,Gold,31-12-2019
729,4740,Silver,31-12-2019
54,334,Gold,31-12-2019
258,1607,Gold,31-12-2019
534,3387,Gold,31-12-2019
667,4333,Gold,31-12-2019
195,1194,Gold,31-01-2020
199,1213,Gold,31-01-2020
490,3136,Diamond,31-01-2020
347,2184,Gold,31-01-2020
210,1253,Gold,31-01-2020
293,1850,Gold,31-01-2020
189,1157,Gold,31-01-2020
324,2074,Gold,31-01-2020
578,3689,Silver,31-01-2020
266,1690,Gold,29-02-2020
568,3615,Gold,29-02-2020
171,1027,Gold,29-02-2020
679,4416,Gold,29-02-2020
841,6468,Gold,29-02-2020
513,3260,Gold,29-02-2020
647,4171,Silver,29-02-2020
665,4318,Gold,29-02-2020
400,2529,Gold,31-03-2020
617,3944,Diamond,31-03-2020
709,4587,Silver,31-03-2020
387,2481,Gold,31-03-2020
226,1378,Gold,31-03-2020
350,2226,Gold,31-03-2020
539,3415,Gold,31-03-2020
583,3735,Gold,31-03-2020
576,3671,Gold,31-03-2020
232,1396,Gold,30-04-2020
730,4749,Gold,30-04-2020
616,3943,Gold,30-04-2020
564,3590,Gold,30-04-2020
82,474,Gold,30-04-2020
1173,12442,Gold,30-04-2020
426,2686,Gold,30-04-2020
791,5521,Gold,30-04-2020
572,3636,Silver,30-04-2020
375,2425,Silver,30-04-2020
69,438,Gold,30-04-2020
607,3885,Gold,30-04-2020
155,900,Silver,30-04-2020
275,1762,Gold,30-04-2020
847,6610,Gold,30-04-2020
399,2527,Gold,30-04-2020
305,1914,Gold,30-04-2020
430,2713,Gold,30-04-2020
349,2214,Gold,30-04-2020
256,1583,Gold,30-04-2020
50,309,Gold,30-04-2020
939,8217,Silver,30-04-2020
110,608,Gold,30-04-2020
184,1089,Diamond,31-05-2020
90,503,Gold,31-05-2020
597,3813,Silver,31-05-2020
471,3037,Gold,31-05-2020
494,3173,Gold,31-05-2020
211,1271,Gold,31-05-2020
353,2259,Gold,31-05-2020
213,1289,Diamond,31-05-2020
1009,9409,Diamond,31-05-2020
297,1883,Gold,31-05-2020
801,5684,Gold,31-05-2020
748,4923,Gold,31-05-2020
133,742,Gold,31-05-2020
316,2013,Gold,31-05-2020
145,819,Gold,31-05-2020
270,1736,Silver,31-05-2020
1178,12542,Gold,31-05-2020
222,1345,Gold,31-05-2020
241,1461,Gold,31-05-2020
280,1793,Gold,31-05-2020
675,4376,Gold,31-05-2020
108,597,Gold,31-05-2020
1196,12805,Gold,31-05-2020
287,1819,Silver,31-05-2020
443,2808,Gold,31-05-2020
1138,11825,Gold,31-05-2020
733,4764,Silver,31-05-2020
311,1954,Gold,30-06-2020
120,662,Gold,30-06-2020
122,667,Silver,30-06-2020
476,3079,Gold,30-06-2020
781,5366,Gold,30-06-2020
588,3765,Gold,30-06-2020
403,2538,Silver,30-06-2020
139,797,Gold,30-06-2020
553,3522,Gold,30-06-2020
625,3987,Gold,30-06-2020
413,2592,Silver,30-06-2020
591,3779,Gold,30-06-2020
694,4504,Gold,30-06-2020
512,3259,Gold,30-06-2020
1095,11023,Diamond,30-06-2020
1059,10235,Gold,30-06-2020
75,457,Gold,30-06-2020
383,2469,Gold,30-06-2020
115,638,Gold,30-06-2020
884,7286,Diamond,30-06-2020
454,2921,Gold,31-07-2020
688,4472,Gold,31-07-2020
936,8030,Gold,31-07-2020
663,4295,Gold,31-07-2020
637,4094,Silver,31-07-2020
511,3257,Silver,31-07-2020
1220,13160,Gold,31-07-2020
628,4007,Gold,31-07-2020
718,4660,Gold,31-07-2020
238,1452,Diamond,31-07-2020
546,3465,Diamond,31-07-2020
660,4265,Silver,31-07-2020
491,3151,Gold,31-07-2020
140,798,Gold,31-07-2020
502,3201,Gold,31-07-2020
598,3821,Gold,31-07-2020
355,2267,Gold,31-07-2020
43,267,Gold,31-07-2020
610,3894,Gold,31-07-2020
182,1067,Diamond,31-07-2020
41,256,Gold,31-07-2020
91,504,Silver,31-08-2020
252,1529,Gold,31-08-2020
495,3181,Gold,31-08-2020
259,1610,Gold,31-08-2020
187,1140,Gold,31-08-2020
185,1098,Gold,31-08-2020
1025,9625,Gold,31-08-2020
19,130,Gold,31-08-2020
431,2715,Diamond,31-08-2020
356,2268,Gold,31-08-2020
767,5204,Gold,31-08-2020
537,3405,Gold,31-08-2020
703,4546,Gold,31-08-2020
671,4345,Gold,31-08-2020
896,7567,Gold,31-08-2020
343,2164,Gold,31-08-2020
279,1791,Gold,31-08-2020
622,3981,Silver,31-08-2020
612,3906,Gold,31-08-2020
206,1243,Gold,31-08-2020
190,1165,Gold,31-08-2020
1203,12893,Gold,31-08-2020
234,1424,Gold,31-08-2020
30,202,Gold,30-09-2020
327,2117,Gold,30-09-2020
49,305,Gold,30-09-2020
1115,11375,Silver,30-09-2020
698,4522,Diamond,30-09-2020
874,7127,Diamond,30-09-2020
247,1500,Silver,30-09-2020
656,4235,Gold,30-09-2020
436,2759,Gold,30-09-2020
124,688,Gold,30-09-2020
633,4078,Gold,30-09-2020
428,2698,Gold,30-09-2020
638,4100,Diamond,30-09-2020
153,886,Diamond,30-09-2020
596,3811,Gold,30-09-2020
664,4316,Gold,30-09-2020
251,1525,Gold,30-09-2020
552,3519,Gold,30-09-2020
9,76,Gold,30-09-2020
11,79,Diamond,30-09-2020
650,4194,Gold,30-09-2020
59,365,Gold,30-09-2020
1016,9525,Gold,30-09-2020
359,2299,Gold,30-09-2020
438,2768,Gold,30-09-2020
94,513,Gold,31-10-2020
1056,10220,Gold,31-10-2020
273,1758,Gold,31-10-2020
947,8366,Gold,31-10-2020
93,510,Gold,31-10-2020
762,5132,Gold,31-10-2020
254,1578,Gold,31-10-2020
611,3896,Gold,31-10-2020
648,4188,Gold,31-10-2020
373,2401,Gold,31-10-2020
579,3699,Gold,31-10-2020
555,3544,Gold,31-10-2020
329,2122,Diamond,31-10-2020
707,4560,Gold,31-10-2020
51,321,Gold,31-10-2020
382,2445,Diamond,31-10-2020
472,3056,Gold,31-10-2020
237,1445,Gold,31-10-2020
1234,13386,Gold,31-10-2020
86,490,Gold,31-10-2020
540,3425,Gold,31-10-2020
493,3167,Gold,31-10-2020
532,3382,Gold,31-10-2020
590,3769,Gold,30-11-2020
942,8295,Gold,30-11-2020
33,221,Silver,30-11-2020
739,4821,Gold,30-11-2020
45,272,Gold,30-11-2020
25,158,Gold,30-11-2020
200,1220,Diamond,30-11-2020
268,1707,Diamond,30-11-2020
507,3245,Gold,30-11-2020
569,3616,Gold,30-11-2020
282,1799,Diamond,30-11-2020
536,3404,Gold,30-11-2020
1022,9606,Gold,30-11-2020
1105,11237,Gold,30-11-2020
326,2104,Gold,30-11-2020
380,2434,Gold,30-11-2020
723,4699,Gold,30-11-2020
81,473,Gold,30-11-2020
521,3310,Gold,30-11-2020
608,3890,Gold,30-11-2020
589,3766,Silver,30-11-2020
281,1795,Gold,30-11-2020
891,7434,Gold,30-11-2020
774,5249,Gold,30-11-2020
566,3606,Gold,30-11-2020
575,3667,Diamond,30-11-2020
154,887,Gold,30-11-2020
130,722,Gold,30-11-2020
434,2739,Gold,30-11-2020
83,483,Gold,31-12-2020
593,3787,Silver,31-12-2020
481,3102,Silver,31-12-2020
304,1913,Gold,31-12-2020
149,858,Gold,31-12-2020
659,4258,Gold,31-12-2020
517,3291,Gold,31-12-2020
368,2361,Gold,31-12-2020
482,3104,Silver,31-12-2020
689,4473,Gold,31-12-2020
557,3567,Gold,31-12-2020
897,7576,Gold,31-12-2020
803,5727,Gold,31-12-2020
401,2532,Gold,31-12-2020
760,5126,Gold,31-12-2020
274,1759,Gold,31-12-2020
28,174,Silver,31-12-2020
904,7672,Gold,31-12-2020
474,3066,Silver,31-12-2020
214,1292,Gold,31-12-2020
55,335,Gold,31-12-2020
340,2155,Gold,31-12-2020
724,4701,Diamond,31-12-2020
67,429,Silver,31-12-2020
236,1440,Silver,31-12-2020
68,434,Gold,31-12-2020
348,2203,Gold,31-01-2021
65,414,Gold,31-01-2021
1239,13442,Silver,31-01-2021
165,996,Silver,31-01-2021
249,1517,Gold,31-01-2021
246,1492,Gold,31-01-2021
720,4674,Silver,31-01-2021
518,3292,Diamond,31-01-2021
459,2958,Diamond,31-01-2021
655,4231,Gold,31-01-2021
624,3985,Silver,31-01-2021
398,2522,Gold,31-01-2021
796,5579,Gold,31-01-2021
100,562,Diamond,31-01-2021
574,3640,Silver,31-01-2021
360,2308,Gold,31-01-2021
391,2493,Gold,31-01-2021
283,1800,Gold,31-01-2021
726,4721,Gold,31-01-2021
132,731,Silver,31-01-2021
463,2982,Gold,31-01-2021
21,132,Gold,31-01-2021
529,3357,Gold,31-01-2021
946,8359,Silver,31-01-2021
419,2626,Gold,31-01-2021
248,1512,Gold,28-02-2021
215,1296,Gold,28-02-2021
225,1359,Gold,28-02-2021
643,4157,Gold,28-02-2021
844,6567,Silver,28-02-2021
672,4349,Gold,28-02-2021
276,1765,Gold,28-02-2021
1230,13312,Gold,28-02-2021
599,3824,Diamond,28-02-2021
72,447,Gold,28-02-2021
1199,12826,Gold,28-02-2021
48,295,Gold,28-02-2021
58,358,Gold,28-02-2021
334,2133,Gold,28-02-2021
2,19,Gold,28-02-2021
228,1382,Silver,28-02-2021
244,1480,Gold,28-02-2021
1189,12683,Gold,28-02-2021
198,1211,Silver,28-02-2021
34,225,Gold,28-02-2021
535,3395,Gold,28-02-2021
269,1718,Diamond,28-02-2021
515,3268,Gold,28-02-2021
290,1833,Gold,28-02-2021
315,2005,Silver,28-02-2021
784,5461,Gold,28-02-2021
63,378,Silver,28-02-2021
417,2619,Gold,28-02-2021
619,3958,Gold,31-03-2021
191,1168,Silver,31-03-2021
965,8636,Gold,31-03-2021
444,2815,Diamond,31-03-2021
370,2374,Gold,31-03-2021
156,906,Silver,31-03-2021
492,3166,Gold,31-03-2021
52,326,Diamond,31-03-2021
71,441,Gold,31-03-2021
775,5253,Diamond,31-03-2021
330,2124,Gold,31-03-2021
510,3256,Gold,31-03-2021
170,1020,Gold,31-03-2021
338,2146,Gold,31-03-2021
755,5002,Gold,31-03-2021
451,2888,Silver,31-03-2021
263,1668,Diamond,31-03-2021
602,3846,Silver,31-03-2021
498,3186,Gold,31-03-2021
933,7959,Silver,31-03-2021
89,497,Gold,31-03-2021
761,5128,Diamond,31-03-2021
176,1049,Gold,31-03-2021
1102,11183,Gold,31-03-2021
109,605,Gold,31-03-2021
421,2644,Gold,31-03-2021
918,7796,Gold,31-03-2021
680,4417,Gold,31-03-2021
824,6196,Gold,31-03-2021
448,2864,Gold,31-03-2021
1194,12781,Silver,31-03-2021
331,2125,Diamond,30-04-2021
734,4765,Gold,30-04-2021
235,1438,Gold,30-04-2021
284,1807,Gold,30-04-2021
412,2585,Gold,30-04-2021
64,402,Gold,30-04-2021
186,1133,Diamond,30-04-2021
458,2951,Diamond,30-04-2021
465,2995,Gold,30-04-2021
457,2948,Silver,30-04-2021
456,2929,Gold,30-04-2021
645,4166,Gold,30-04-2021
906,7683,Diamond,30-04-2021
756,5012,Gold,30-04-2021
218,1322,Gold,30-04-2021
717,4654,Gold,30-04-2021
8,60,Silver,30-04-2021
700,4533,Silver,30-04-2021
757,5013,Silver,30-04-2021
126,707,Gold,30-04-2021
358,2287,Silver,30-04-2021
639,4112,Gold,30-04-2021
212,1280,Gold,30-04-2021
415,2609,Gold,30-04-2021
161,963,Gold,30-04-2021
207,1244,Gold,30-04-2021
1216,13097,Gold,30-04-2021
649,4190,Gold,30-04-2021
475,3075,Diamond,30-04-2021
586,3756,Gold,30-04-2021
446,2841,Gold,31-05-2021
823,6178,Gold,31-05-2021
644,4165,Gold,31-05-2021
111,615,Gold,31-05-2021
469,3026,Gold,31-05-2021
17,127,Gold,31-05-2021
558,3568,Gold,31-05-2021
192,1169,Gold,31-05-2021
631,4061,Silver,31-05-2021
317,2015,Gold,31-05-2021
716,4651,Silver,31-05-2021
7,56,Gold,31-05-2021
863,6906,Gold,31-05-2021
123,679,Gold,31-05-2021
770,5232,Gold,31-05-2021
143,816,Gold,31-05-2021
785,5468,Gold,31-05-2021
646,4167,Gold,31-05-2021
160,954,Gold,31-05-2021
669,4341,Gold,31-05-2021
101,566,Gold,31-05-2021
332,2126,Gold,31-05-2021
362,2320,Diamond,31-05-2021
173,1031,Gold,31-05-2021
16,116,Gold,31-05-2021
365,2332,Gold,31-05-2021
701,4534,Gold,31-05-2021
80,471,Gold,31-05-2021
831,6275,Gold,31-05-2021
354,2265,Diamond,31-05-2021
250,1522,Gold,31-05-2021
142,810,Gold,30-06-2021
991,9149,Silver,30-06-2021
1192,12736,Gold,30-06-2021
738,4808,Silver,30-06-2021
627,3994,Gold,30-06-2021
696,4516,Gold,30-06-2021
260,1616,Gold,30-06-2021
768,5223,Gold,30-06-2021
233,1418,Gold,30-06-2021
450,2880,Gold,30-06-2021
440,2782,Gold,30-06-2021
301,1899,Gold,30-06-2021
485,3124,Gold,30-06-2021
567,3611,Gold,30-06-2021
66,425,Gold,30-06-2021
1002,9261,Gold,30-06-2021
453,2911,Diamond,30-06-2021
277,1777,Diamond,30-06-2021
571,3627,Silver,30-06-2021
687,4471,Gold,30-06-2021
640,4115,Gold,30-06-2021
39,254,Gold,30-06-2021
435,2740,Gold,30-06-2021
411,2572,Gold,30-06-2021
548,3501,Gold,30-06-2021
1167,12335,Gold,30-06-2021
727,4723,Gold,30-06-2021
603,3850,Gold,30-06-2021
496,3183,Silver,30-06-2021
73,451,Silver,30-06-2021
146,822,Gold,30-06-2021
439,2779,Gold,30-06-2021
613,3913,Gold,30-06-2021
323,2065,Silver,30-06-2021
623,3984,Gold,30-06-2021
530,3360,Gold,30-06-2021
396,2508,Gold,30-06-2021
1076,10604,Diamond,30-06-2021
344,2168,Gold,30-06-2021
525,3337,Gold,30-06-2021
42,264,Silver,30-06-2021
740,4823,Silver,30-06-2021
780,5333,Gold,30-06-2021
509,3253,Diamond,30-06-2021
308,1938,Gold,30-06-2021
618,3947,Gold,30-06-2021
209,1251,Gold,30-06-2021
1155,12088,Gold,31-07-2021
95,519,Silver,31-07-2021
833,6299,Gold,31-07-2021
319,2038,Silver,31-07-2021
795,5563,Gold,31-07-2021
508,3249,Gold,31-07-2021
78,468,Gold,31-07-2021
683,4437,Gold,31-07-2021
32,219,Gold,31-07-2021
550,3515,Gold,31-07-2021
1217,13098,Silver,31-07-2021
1003,9274,Gold,31-07-2021
179,1059,Gold,31-07-2021
169,1019,Gold,31-07-2021
221,1339,Gold,31-07-2021
684,4457,Gold,31-07-2021
77,466,Gold,31-07-2021
581,3721,Gold,31-07-2021
47,280,Gold,31-07-2021
386,2478,Gold,31-07-2021
346,2177,Gold,31-07-2021
406,2548,Gold,31-07-2021
951,8392,Gold,31-07-2021
519,3297,Gold,31-07-2021
321,2058,Diamond,31-07-2021
128,716,Gold,31-07-2021
711,4592,Gold,31-07-2021
538,3414,Diamond,31-07-2021
29,192,Gold,31-07-2021
834,6301,Gold,31-07-2021
461,2977,Diamond,31-07-2021
239,1453,Diamond,31-07-2021
395,2502,Gold,31-07-2021
531,3378,Diamond,31-07-2021
1150,12020,Gold,31-07-2021
96,528,Gold,31-07-2021
367,2343,Gold,31-07-2021
1023,9621,Gold,31-07-2021
702,4543,Gold,31-07-2021
405,2542,Gold,31-07-2021
480,3092,Gold,31-08-2021
1098,11063,Gold,31-08-2021
79,469,Gold,31-08-2021
402,2536,Gold,31-08-2021
551,3517,Gold,31-08-2021
425,2662,Silver,31-08-2021
1195,12787,Diamond,31-08-2021
1154,12070,Gold,31-08-2021
307,1930,Diamond,31-08-2021
752,4944,Silver,31-08-2021
134,769,Gold,31-08-2021
285,1811,Diamond,31-08-2021
544,3448,Diamond,31-08-2021
526,3339,Gold,31-08-2021
352,2235,Gold,31-08-2021
328,2121,Silver,31-08-2021
26,161,Gold,31-08-2021
141,808,Gold,31-08-2021
151,861,Gold,31-08-2021
203,1231,Gold,31-08-2021
653,4212,Gold,31-08-2021
880,7186,Gold,31-08-2021
620,3959,Gold,31-08-2021
630,4019,Gold,31-08-2021
1188,12678,Gold,31-08-2021
389,2489,Diamond,31-08-2021
1024,9622,Gold,31-08-2021
193,1179,Diamond,31-08-2021
758,5016,Gold,31-08-2021
634,4081,Silver,31-08-2021
361,2312,Gold,31-08-2021
242,1473,Gold,31-08-2021
923,7855,Gold,31-08-2021
1007,9333,Diamond,31-08-2021
520,3308,Gold,31-08-2021
629,4018,Silver,31-08-2021
335,2137,Gold,31-08-2021
414,2606,Gold,31-08-2021
36,236,Gold,31-08-2021
561,3581,Diamond,31-08-2021
291,1836,Gold,31-08-2021
231,1390,Silver,31-08-2021
782,5376,Gold,31-08-2021
180,1062,Gold,31-08-2021
765,5175,Gold,31-08-2021
357,2277,Silver,31-08-2021
554,3535,Gold,31-08-2021
956,8502,Gold,31-08-2021
676,4380,Gold,31-08-2021
255,1579,Diamond,30-09-2021
1193,12743,Gold,30-09-2021
416,2616,Gold,30-09-2021
585,3753,Diamond,30-09-2021
744,4863,Gold,30-09-2021
23,146,Gold,30-09-2021
394,2501,Gold,30-09-2021
460,2971,Gold,30-09-2021
35,231,Gold,30-09-2021
447,2845,Gold,30-09-2021
264,1669,Gold,30-09-2021
245,1483,Gold,30-09-2021
505,3233,Silver,30-09-2021
336,2138,Silver,30-09-2021
366,2335,Gold,30-09-2021
533,3384,Gold,30-09-2021
288,1826,Gold,30-09-2021
754,4976,Silver,30-09-2021
116,646,Gold,30-09-2021
1035,9732,Gold,30-09-2021
682,4429,Gold,30-09-2021
792,5526,Gold,30-09-2021
385,2476,Gold,30-09-2021
53,333,Gold,30-09-2021
751,4941,Silver,30-09-2021
614,3938,Silver,30-09-2021
957,8506,Silver,30-09-2021
1,9,Diamond,30-09-2021
743,4862,Diamond,30-09-2021
61,374,Gold,30-09-2021
60,370,Gold,30-09-2021
74,453,Gold,30-09-2021
749,4929,Gold,30-09-2021
339,2154,Gold,30-09-2021
769,5224,Gold,30-09-2021
488,3134,Diamond,30-09-2021
31,208,Gold,30-09-2021
542,3439,Gold,30-09-2021
750,4937,Gold,30-09-2021
855,6764,Gold,30-09-2021
299,1886,Gold,30-09-2021
158,928,Diamond,30-09-2021
857,6789,Silver,30-09-2021
230,1388,Diamond,30-09-2021
295,1864,Gold,30-09-2021
584,3751,Gold,30-09-2021
449,2865,Gold,30-09-2021
351,2232,Gold,31-10-2021
138,791,Gold,31-10-2021
524,3333,Gold,31-10-2021
693,4495,Silver,31-10-2021
604,3858,Gold,31-10-2021
746,4901,Gold,31-10-2021
333,2128,Gold,31-10-2021
129,719,Gold,31-10-2021
429,2709,Gold,31-10-2021
424,2659,Gold,31-10-2021
345,2175,Gold,31-10-2021
1165,12291,Gold,31-10-2021
1070,10490,Silver,31-10-2021
217,1316,Gold,31-10-2021
636,4091,Silver,31-10-2021
820,6039,Gold,31-10-2021
46,273,Gold,31-10-2021
742,4833,Gold,31-10-2021
404,2540,Silver,31-10-2021
102,575,Gold,31-10-2021
455,2924,Gold,31-10-2021
253,1536,Diamond,31-10-2021
570,3620,Gold,31-10-2021
27,167,Silver,31-10-2021
580,3713,Gold,31-10-2021
409,2562,Gold,31-10-2021
205,1242,Gold,31-10-2021
773,5245,Gold,31-10-2021
487,3130,Gold,31-10-2021
177,1056,Gold,31-10-2021
632,4069,Gold,31-10-2021
445,2820,Diamond,31-10-2021
1001,9247,Gold,31-10-2021
257,1589,Gold,31-10-2021
178,1057,Gold,31-10-2021
704,4553,Diamond,31-10-2021
56,339,Gold,31-10-2021
148,834,Gold,31-10-2021
392,2496,Gold,31-10-2021
523,3319,Silver,31-10-2021
1175,12494,Gold,31-10-2021
466,2998,Gold,31-10-2021
500,3192,Gold,31-10-2021
4,42,Gold,31-10-2021
388,2488,Silver,31-10-2021
164,992,Gold,31-10-2021
489,3135,Gold,31-10-2021
626,3992,Gold,31-10-2021
1169,12354,Gold,31-10-2021
1137,11771,Diamond,30-11-2021
677,4382,Silver,30-11-2021
20,131,Gold,30-11-2021
657,4246,Silver,30-11-2021
219,1329,Gold,30-11-2021
819,5978,Diamond,30-11-2021
1177,12535,Diamond,30-11-2021
341,2156,Diamond,30-11-2021
692,4493,Gold,30-11-2021
715,4639,Silver,30-11-2021
131,725,Gold,30-11-2021
201,1223,Gold,30-11-2021
605,3874,Gold,30-11-2021
306,1929,Gold,30-11-2021
378,2430,Gold,30-11-2021
549,3504,Gold,30-11-2021
371,2388,Diamond,30-11-2021
147,826,Silver,30-11-2021
527,3348,Silver,30-11-2021
172,1030,Gold,30-11-2021
886,7325,Gold,30-11-2021
479,3085,Gold,30-11-2021
691,4492,Gold,30-11-2021
560,3577,Gold,30-11-2021
452,2910,Gold,30-11-2021
506,3236,Diamond,30-11-2021
735,4772,Gold,30-11-2021
654,4230,Gold,30-11-2021
196,1197,Gold,30-11-2021
473,3063,Gold,30-11-2021
829,6255,Gold,30-11-2021
310,1947,Silver,30-11-2021
76,464,Gold,30-11-2021
573,3638,Gold,30-11-2021
240,1459,Gold,30-11-2021
728,4725,Gold,30-11-2021
924,7862,Gold,30-11-2021
486,3128,Diamond,30-11-2021
1081,10696,Gold,30-11-2021
753,4974,Gold,30-11-2021
442,2796,Gold,30-11-2021
125,694,Diamond,30-11-2021
674,4360,Gold,30-11-2021
322,2063,Gold,30-11-2021
685,4467,Gold,30-11-2021
635,4083,Gold,30-11-2021
